posted_at,peak_mw,trigger_mw,risk,driving_zone,houston_mw
2024-07-05T00:01:04,16092,23652.6,LOW,South,2924
2024-07-05T01:01:02,16186,23652.6,LOW,South,3014
2024-07-05T02:01:07,16163,23652.6,LOW,South,3014
2024-07-05T03:01:09,16199,23652.6,LOW,South,3014
2024-07-05T04:01:18,16199,23756.7,LOW,South,3014
2024-07-05T05:01:14,16111,23652.6,LOW,South,3014
2024-07-05T06:01:05,16039,23652.6,LOW,South,2963
2024-07-05T07:01:07,16062,23756.7,LOW,South,2963
2024-07-05T08:01:12,16080,23652.6,LOW,South,2918
2024-07-05T09:01:11,16106,23652.6,LOW,South,2949
2024-07-05T10:01:19,16214,23652.6,LOW,South,2949
2024-07-05T11:01:04,16553,23652.6,LOW,South,2949
2024-07-05T12:01:03,16608,23756.7,LOW,South,2994
2024-07-05T13:01:14,16599,23854.5,LOW,South,2994
2024-07-05T14:01:08,16551,23964.3,LOW,South,2963
2024-07-05T15:01:05,16294,23652.6,LOW,South,2966
2024-07-05T16:01:08,16263,23652.6,LOW,South,2966
2024-07-05T17:01:05,16295,23652.6,LOW,South,2966
2024-07-05T18:01:12,16200,23756.7,LOW,South,2966
2024-07-05T19:01:06,16260,23854.5,LOW,South,2966
2024-07-05T20:01:12,16099,23652.6,LOW,South,2966
2024-07-05T21:01:05,16354,24100.5,LOW,South,2966
2024-07-05T22:01:15,16263,24100.5,LOW,South,2966
2024-07-05T23:01:04,16203,23964.3,LOW,South,2966
2024-07-06T00:01:06,16308,24082.7,LOW,South,3011
2024-07-06T01:01:06,17027,24100.5,LOW,South,3011
2024-07-06T02:01:08,16701,23652.6,LOW,South,3011
2024-07-06T03:01:08,16701,23652.6,LOW,South,3011
2024-07-06T04:01:13,16701,23652.6,LOW,South,3011
2024-07-06T05:01:04,17027,23652.6,LOW,South,3337
2024-07-06T06:01:42,17177,23652.6,LOW,South,3337
2024-07-06T07:01:02,17096,23652.6,LOW,South,3292
2024-07-06T08:01:00,17146,23652.6,LOW,South,3292
2024-07-06T09:01:06,17114,23652.6,LOW,South,3275
2024-07-06T10:01:04,17681,23652.6,LOW,South,3275
2024-07-06T11:01:06,17539,23652.6,LOW,South,3275
2024-07-06T12:01:10,17638,23652.6,LOW,South,3381
2024-07-06T13:01:09,17612,23652.6,LOW,South,3379
2024-07-06T14:01:04,17634,23652.6,LOW,South,3311
2024-07-06T15:01:03,17506,23652.6,LOW,South,3205
2024-07-06T16:01:09,17470,23652.6,LOW,South,3205
2024-07-06T17:01:08,17716,23652.6,LOW,South,3205
2024-07-06T18:01:08,17972,23756.7,LOW,South,3205
2024-07-06T19:01:10,18558,23854.5,LOW,South,3205
2024-07-06T20:01:10,18693,23964.3,LOW,South,3205
2024-07-06T21:01:01,18253,24082.7,LOW,South,3205
2024-07-06T22:01:10,18233,24100.5,LOW,South,3156
2024-07-06T23:01:04,17589,23652.6,LOW,South,3150
2024-07-07T00:01:13,17979,23964.3,LOW,South,3150
2024-07-07T01:01:08,17680,23652.6,LOW,South,3150
2024-07-07T02:01:17,17680,23652.6,LOW,South,3150
2024-07-07T03:01:03,17685,23652.6,LOW,South,3150
2024-07-07T04:01:11,17796,23652.6,LOW,South,3150
2024-07-07T05:01:02,17784,23652.6,LOW,South,3150
2024-07-07T06:01:27,17841,23652.6,LOW,South,3150
2024-07-07T07:01:09,17828,23652.6,LOW,South,3150
2024-07-07T08:01:00,17835,23652.6,LOW,South,3150
2024-07-07T09:01:07,18161,23652.6,LOW,South,3463
2024-07-07T10:01:06,18153,23652.6,LOW,South,3463
2024-07-07T11:01:01,18152,23756.7,LOW,South,3463
2024-07-07T12:01:03,17914,23652.6,LOW,South,3463
2024-07-07T13:01:06,17853,23652.6,LOW,South,3470
2024-07-07T14:01:01,17853,23652.6,LOW,South,3470
2024-07-07T15:01:07,17941,23652.6,LOW,South,3470
2024-07-07T16:01:02,18501,24082.7,LOW,South,3956
2024-07-07T17:01:13,18190,23652.6,LOW,South,3471
2024-07-07T18:01:04,18142,23652.6,LOW,South,3471
2024-07-07T19:01:07,18568,23652.6,LOW,South,3471
2024-07-07T20:01:12,18768,23652.6,LOW,South,3621
2024-07-07T21:01:12,18758,23652.6,LOW,South,3621
2024-07-07T22:01:13,18743,23652.6,LOW,South,3674
2024-07-07T23:01:01,19338,23652.6,LOW,South,4113
2024-07-08T00:01:04,19666,23652.6,LOW,South,3992
2024-07-08T01:01:08,19702,23652.6,LOW,South,3992
2024-07-08T02:01:07,19853,23652.6,LOW,South,4143
2024-07-08T03:01:02,20001,23652.6,LOW,South,4143
2024-07-08T04:01:24,20048,23652.6,LOW,South,4153
2024-07-08T05:01:09,20142,23652.6,LOW,South,4253
2024-07-08T06:01:15,20021,23652.6,LOW,South,4208
2024-07-08T07:01:02,20372,23964.3,LOW,South,4501
2024-07-08T08:01:09,21034,23854.5,LOW,South,4994
2024-07-08T09:01:02,21375,23964.3,LOW,South,5381
2024-07-08T10:01:07,21206,23854.5,LOW,South,5253
2024-07-08T11:01:11,21521,24100.5,LOW,South,5403
2024-07-08T12:01:03,21187,24082.7,LOW,South,5253
2024-07-08T13:01:18,22300,24100.5,LOW,South,5781
2024-07-08T14:01:23,21799,23652.6,LOW,South,5580
2024-07-08T15:01:22,22389,23652.6,LOW,South,5580
2024-07-08T16:01:12,22054,23652.6,LOW,South,5277
2024-07-08T17:01:27,22042,23756.7,LOW,South,5277
2024-07-08T18:01:03,21587,23854.5,LOW,South,4767
2024-07-08T19:01:09,21565,23964.3,LOW,South,4717
2024-07-08T20:01:03,21718,24082.7,LOW,South,4717
2024-07-08T21:01:07,20768,24100.5,LOW,South,4687
2024-07-08T22:01:27,20715,24100.5,LOW,South,4434
2024-07-08T23:01:09,19622,23652.6,LOW,South,4368
2024-07-09T00:01:30,19815,23652.6,LOW,South,4554
2024-07-09T01:01:18,19973,23652.6,LOW,South,4554
2024-07-09T02:01:02,20192,23652.6,LOW,South,4554
2024-07-09T03:01:08,20444,23652.6,LOW,South,4638
2024-07-09T04:01:19,20753,23652.6,LOW,South,4925
2024-07-09T05:01:10,20756,23652.6,LOW,South,4925
2024-07-09T06:01:14,20748,23652.6,LOW,South,4925
2024-07-09T07:01:16,21027,23964.3,LOW,South,4925
2024-07-09T08:01:05,20731,24082.7,LOW,South,4612
2024-07-09T09:01:04,20501,24100.5,LOW,South,4342
2024-07-09T10:01:08,20435,24082.7,LOW,South,4363
2024-07-09T11:01:08,20194,24100.5,LOW,South,4119
2024-07-09T12:01:03,20244,24100.5,LOW,South,4105
2024-07-09T13:01:06,20569,23854.5,LOW,South,4036
2024-07-09T14:01:05,20601,23964.3,LOW,South,4036
2024-07-09T15:01:10,20571,23652.6,LOW,South,3920
2024-07-09T16:01:10,21380,23652.6,LOW,South,4250
2024-07-09T17:01:11,21449,23652.6,LOW,South,4250
2024-07-09T18:01:15,21223,23756.7,LOW,South,4330
2024-07-09T19:01:15,21365,23652.6,LOW,South,4504
2024-07-09T20:01:08,21182,23652.6,LOW,South,4274
2024-07-09T21:01:06,21695,24100.5,LOW,South,4627
2024-07-09T22:01:07,21534,24100.5,LOW,South,4627
2024-07-09T23:01:06,20739,23652.6,LOW,South,4634
2024-07-10T00:01:11,20771,23652.6,LOW,South,4679
2024-07-10T01:01:04,20774,23756.7,LOW,South,4679
2024-07-10T02:01:25,20774,23854.5,LOW,South,4679
2024-07-10T03:01:16,20858,23964.3,LOW,South,4679
2024-07-10T04:01:03,20858,24082.7,LOW,South,4679
2024-07-10T05:01:16,20858,24100.5,LOW,South,4679
2024-07-10T06:01:05,20889,24082.7,LOW,South,4679
2024-07-10T07:01:18,20096,23652.6,LOW,South,4267
2024-07-10T08:01:17,20112,23652.6,LOW,South,4267
2024-07-10T09:01:11,20133,23756.7,LOW,South,4275
2024-07-10T10:01:30,20180,23854.5,LOW,South,4290
2024-07-10T11:01:11,19993,23964.3,LOW,South,4162
2024-07-10T12:01:11,20124,24100.5,LOW,South,4242
2024-07-10T13:01:04,20206,24100.5,LOW,South,4242
2024-07-10T14:01:08,19576,23652.6,LOW,South,4251
2024-07-10T15:01:09,19541,23652.6,LOW,South,4251
2024-07-10T16:01:07,19856,23652.6,LOW,South,4251
2024-07-10T17:01:04,19629,23652.6,LOW,South,4291
2024-07-10T18:01:04,19669,23756.7,LOW,South,4251
2024-07-10T19:01:08,19630,23854.5,LOW,South,4296
2024-07-10T20:01:07,19650,23964.3,LOW,South,4296
2024-07-10T21:01:03,19664,24082.7,LOW,South,4296
2024-07-10T22:01:13,19610,24100.5,LOW,South,4296
2024-07-10T23:01:16,18132,23652.6,LOW,North,3599
2024-07-11T00:01:13,18966,24082.7,LOW,North,4177
2024-07-11T01:01:02,18380,23652.6,LOW,North,4187
2024-07-11T02:01:04,18878,23652.6,LOW,South,4187
2024-07-11T03:01:04,19157,23756.7,LOW,South,4187
2024-07-11T04:01:03,19245,23652.6,LOW,South,4097
2024-07-11T05:01:12,19266,23652.6,LOW,South,4097
2024-07-11T06:01:11,19430,23652.6,LOW,South,4097
2024-07-11T07:01:10,19539,23756.7,LOW,South,4097
2024-07-11T08:01:32,20027,23854.5,LOW,South,4462
2024-07-11T09:01:20,19678,23854.5,LOW,South,4133
2024-07-11T10:01:19,19329,23652.6,LOW,South,4133
2024-07-11T11:01:10,19072,23756.7,LOW,South,4098
2024-07-11T12:01:01,19197,23964.3,LOW,South,4038
2024-07-11T13:01:17,18924,23652.6,LOW,South,3999
2024-07-11T14:01:01,19471,24100.5,LOW,South,4087
2024-07-11T15:01:16,19234,23652.6,LOW,South,4055
2024-07-11T16:01:43,19380,23652.6,LOW,South,4124
2024-07-11T17:01:01,19777,23652.6,LOW,South,4222
2024-07-11T18:00:59,19822,23756.7,LOW,South,4267
2024-07-11T19:01:02,19985,23652.6,LOW,North,3931
2024-07-11T20:01:10,20003,23652.6,LOW,North,3931
2024-07-11T21:00:59,19952,23652.6,LOW,North,3963
2024-07-11T22:01:36,20111,23652.6,LOW,North,3963
2024-07-11T23:01:22,20155,23756.7,LOW,North,3963
